,x1,x2
0,-0.5397083,-0.9738721
1,-0.45666552,-0.9031611
2,-0.58212847,-0.8288196
3,-0.89553183,-1.3034568
4,-0.7761654,-0.8143097
5,-0.74440455,-1.1102664
6,-0.19134602,-1.5086937
7,-0.26250106,-1.4214069
8,-0.58164454,-1.4044688
9,-0.2550909,-1.0794222
10,-0.37488097,-2.083746
11,-0.86503774,-1.2182212
12,-0.13794628,-2.1509404
13,-0.60389054,-0.9882968
14,-0.7563127,-1.2533481
15,-0.55282426,-0.862544
16,-0.6257204,-1.5132989
17,-0.8928827,-1.0528768
18,-0.5064896,-1.0947506
19,-0.6836264,-1.9362411
20,-0.5355122,-0.81885815
21,-0.30277765,-1.7786108
22,-0.07756787,-0.9385272
23,-0.48832893,-1.185422
24,-0.8782322,-1.1140783
25,-0.7190538,-0.9651918
26,-0.50989634,-2.0387263
27,-0.7812822,-1.4773612
28,-0.20880666,-1.0154576
29,-0.36947456,-1.0234604
30,-0.15192631,-1.5162338
31,-0.68901855,-1.0584984
32,-0.7249163,-1.4060206
33,-0.16741231,-1.7701833
34,-0.42974535,-1.6977936
35,-0.421058,-1.604077
36,-0.56354946,-2.0461926
37,-0.6386916,-2.0409875
38,-0.6415292,-1.019557
39,-0.29666075,-1.576683
40,-0.517317,-1.087329
41,-0.2530626,-1.4406964
42,-0.5206296,-1.0506963
43,-0.6842609,-1.8619196
44,-0.73348385,-1.5686269
45,-0.7158712,-1.2346665
46,-0.16808462,-1.554428
47,-0.94170064,-0.905568
48,-0.6560253,-0.74649113
49,-0.76034975,-1.1781969
50,-0.24974042,-1.331357
51,-0.25376973,-0.6129063
52,-0.64438194,-0.9612786
53,0.037765972,-1.1409379
54,-0.5088288,-2.2636776
55,-0.6406881,-1.676014
56,-0.61060303,-1.1355293
57,-0.66202915,-1.8564466
58,-0.5316274,-0.4351002
59,-0.5738178,-1.4792895
60,-0.7915624,-0.6811427
61,-0.27453578,-1.7805173
62,-0.5353538,-1.3547757
63,-0.64618355,-0.6644125
64,-0.2420272,-1.3607945
65,-0.8260632,-1.1830058
66,-0.25798976,-1.2126727
67,-0.62660116,-1.4139078
68,-0.15364084,-1.6600103
69,-0.49912667,-1.541028
70,-0.43997395,-0.9555333
71,-0.6998714,-0.9867069
72,-0.7644672,-1.7237728
73,-0.6469659,-0.63479674
74,-0.67520463,-1.4985225
75,-0.8758935,-1.5091097
76,-0.8848574,-1.2987192
77,-0.33889258,-1.4065856
78,-0.6945591,-1.3400229
79,-0.84376824,-0.77837455
80,-0.11680224,-1.1860018
81,-0.4139028,-1.3053043
82,-0.33696994,-1.2338247
83,-0.44370213,-1.280261
84,-0.08771425,-1.3854786
85,-0.19697505,-1.0293555
86,-0.30399558,-1.6552521
87,-0.3531174,-1.2994769
88,-0.12432026,-1.5994998
89,-0.47210786,-1.2115884
90,-0.8443746,-1.8510375
91,-0.9185576,-1.2337337
92,-0.6182482,-1.42662
93,-1.0087212,-1.3459978
94,-0.27827752,-1.2343937
95,-0.5477796,-1.0684063
96,-0.6537815,-1.5932206
97,-0.098804824,-1.3929279
98,-0.8524265,-1.1568162
99,-0.27380297,-1.1830072
100,-0.23121724,0.39745986
101,-0.72339123,0.14117384
102,-0.69173247,0.28672197
103,-0.2167716,1.1905963
104,-0.2769054,1.0500548
105,-0.4885061,0.7289168
106,-0.74455225,-0.24680239
107,-0.33562854,-0.03459095
108,-0.34071824,0.71687895
109,-0.12148268,-0.03159947
110,-0.41612986,-0.04730046
111,-0.6112691,0.07628131
112,-0.45089963,1.1747937
113,-0.49379304,0.4388945
114,-0.24735337,0.48159462
115,0.0018146411,1.4053582
116,-0.6112082,0.11141205
117,-0.48987642,0.35989162
118,-0.23908886,0.739787
119,-0.18963268,0.9299092
120,-0.44117227,0.0065891715
121,-0.31471378,0.13946319
122,-0.28210625,0.9234689
123,-0.25817275,0.7700884
124,-0.5465368,-0.29532894
125,-0.6246209,0.07296851
126,-0.666174,0.18759182
127,-0.37716606,0.11121667
128,-0.26678997,0.3275754
129,-0.6008016,0.053738322
130,-0.5790997,0.52238756
131,-0.39724937,1.3267386
132,-0.33466318,0.40140465
133,-0.37803861,0.58420074
134,-0.5045209,0.45551214
135,-0.8217862,-0.49440506
136,-0.06701743,0.8113745
137,-0.49445578,0.6003668
138,-0.8507632,-0.32995468
139,-0.19122449,0.29364997
140,-0.52608365,-0.15849447
141,-0.3044798,0.11699344
142,-0.43989402,0.8569126
143,-0.38665995,0.18654138
144,-0.46540213,0.2484617
145,-0.5561436,0.38938287
146,-0.28721708,0.26101813
147,-0.33218104,0.981855
148,-0.5967681,0.19018975
149,-0.47499275,1.0673862
150,-0.79532635,0.46430257
151,-0.7431647,0.5982749
152,-0.23869908,0.7191848
153,-0.4308398,1.0934923
154,-0.43642876,0.05979852
155,-0.49119636,0.32530338
156,-0.43619162,0.2573708
157,-0.19689336,0.4981909
158,-0.4417074,0.8326354
159,-0.57654446,0.6193295
160,-0.40421408,0.32213268
161,0.05307857,0.5000174
162,-0.13424166,0.50711447
163,-0.652103,-0.39861378
164,-0.24552006,0.4195129
165,-0.46695274,0.8665114
166,-0.37210247,0.50004244
167,-0.6271614,-0.0041958718
168,-0.42583218,0.66197085
169,-0.70261353,0.2740347
170,-0.6091786,0.2753642
171,-0.42891064,0.8781245
172,-0.4523172,0.62525654
173,-0.48439294,-0.32642436
174,-0.7230544,0.9257048
175,-0.34131357,0.12193516
176,-0.6595341,0.5131242
177,-0.14941505,0.5968328
178,-0.33922842,0.21363923
179,-0.74824786,0.015334246
180,-0.6738501,-0.15282327
181,-0.7423144,0.14018783
182,0.011577167,1.0717487
183,-0.30608866,0.5303251
184,-0.28488243,0.70389664
185,-0.81445825,0.2500218
186,-0.3619258,-0.005379352
187,-0.68393964,0.29500657
188,-0.46226782,0.33498642
189,-0.071241595,0.27932522
190,-0.359979,0.6114857
191,-0.3686206,0.453457
192,-0.5195602,-0.09267436
193,-0.43303338,0.79833364
194,-0.28391632,0.3792221
195,-0.22051239,0.26766798
196,-0.6303386,0.397298
197,-0.15310425,1.1590153
198,-0.21071541,0.92928445
199,-0.6149355,-0.030331407
200,0.6723983,3.1278296
201,0.9309004,3.0094352
202,0.890884,2.790914
203,1.070471,2.8885908
204,0.6643601,2.9249725
205,1.0262644,2.5408268
206,0.7974615,2.347526
207,0.5684605,2.8441806
208,0.5676094,2.8492017
209,0.49348655,3.4938571
210,0.06525109,2.7955937
211,0.40765652,3.1559384
212,0.6172804,2.5465229
213,0.41288188,3.329116
214,0.80279523,3.1122565
215,1.0168916,2.8345628
216,0.12991944,2.7862687
217,0.4856104,3.0663621
218,0.92047834,3.3727021
219,0.818719,2.7202406
220,0.9499255,3.404028
221,0.5678643,3.1767554
222,0.55306107,3.5405846
223,0.6848243,2.4291039
224,0.27615014,2.9266148
225,1.0387934,3.1517863
226,0.93501437,2.7511723
227,0.3182744,2.659741
228,0.65904456,3.0487952
229,0.7970408,2.8609905
230,0.95745796,2.8493934
231,1.1744865,2.807335
232,0.19240668,3.2044804
233,0.58452195,3.5714664
234,0.593105,3.3131542
235,0.8638423,2.8247762
236,0.18769565,2.9374967
237,0.23344901,3.0418365
238,0.78221774,2.753356
239,0.67664886,2.5977812
240,0.12406365,3.412714
241,-0.08729627,2.9966397
242,0.421396,3.5308332
243,0.41261056,3.1479197
244,0.9040542,2.6621852
245,0.56854236,3.2166805
246,0.15752015,3.0422235
247,1.0966218,2.8181028
248,0.6113048,2.5452275
249,0.672588,2.8043795
250,0.63770753,2.9553998
251,0.74609864,2.655959
252,0.727989,3.1793504
253,0.7336357,3.4527254
254,0.85792917,3.002874
255,0.3164303,3.176733
256,0.81058913,2.5031595
257,0.716972,2.564766
258,0.33011702,2.993652
259,0.8359302,3.3817396
260,0.8009267,2.9302163
261,0.62815696,2.8804955
262,0.64433736,2.8082314
263,0.8782907,2.8147984
264,0.53222483,2.9647164
265,0.7868286,2.8673728
266,0.31908143,2.7064085
267,0.78057545,2.761257
268,0.49727318,2.5935655
269,0.59835154,3.1967263
270,0.6947323,3.1448817
271,0.6456761,3.29911
272,0.7637574,3.1265082
273,0.68171054,2.911797
274,0.24100521,2.9696317
275,1.2061136,3.0196939
276,0.9335149,2.6562226
277,0.70618975,2.944132
278,0.8386266,2.9526534
279,0.7449203,3.1807108
280,0.45456448,2.98692
281,0.96556,3.0010247
282,0.4677786,2.9620674
283,0.5748867,2.7646708
284,0.650996,2.657268
285,0.6466444,3.0723586
286,1.0239646,2.8585794
287,0.19257113,3.1914825
288,0.09679309,3.1371388
289,0.54616714,3.2582123
290,0.5409468,2.1271584
291,0.62253946,2.9331298
292,0.5090278,3.2451837
293,0.47489682,3.1373832
294,0.6704843,2.928972
295,0.011657037,3.321391
296,0.4423068,3.2846978
297,0.47742173,2.9755447
298,0.46764472,2.9808025
299,0.6412251,2.9336424
300,0.52458614,2.7940974
301,0.44490904,2.7184882
302,0.10244364,2.2566195
303,0.27268782,2.4583068
304,0.39315063,2.8145378
305,0.39322606,2.6590338
306,0.37403712,2.9783072
307,0.65816283,2.532161
308,0.35626242,2.5473547
309,0.21760097,2.1819613
310,0.28349236,2.422327
311,0.41252074,2.921666
312,0.54023534,2.4868975
313,0.2279028,2.294382
314,0.7896579,3.3182297
315,0.75256115,2.8398957
316,0.509064,2.5313566
317,0.6028604,2.802602
318,0.3067548,2.4849267
319,0.29169646,2.3086772
320,0.5580633,2.8412592
321,0.53554624,2.6215892
322,0.62718934,2.9307342
323,0.3391862,2.693533
324,0.57321924,2.8901339
325,0.579426,2.4038734
326,0.43506667,3.1104002
327,0.7909307,2.971095
328,0.38926587,2.7740662
329,0.69333833,2.8148022
330,0.5846092,2.5308938
331,0.44270414,2.429925
332,0.40661955,2.605945
333,0.6349846,2.660157
334,0.6745056,3.0774922
335,0.12834644,2.1927292
336,0.19244462,2.1829448
337,0.4463051,2.7799566
338,0.56188995,2.9305565
339,0.7600507,2.940217
340,0.59348947,2.8924303
341,0.330896,2.1738882
342,0.2968891,2.268337
343,0.35134068,2.7591228
344,0.24511486,2.5694594
345,0.6899337,2.6128361
346,0.43174246,2.547134
347,0.48722115,2.6521358
348,0.30882165,2.3210223
349,0.6014167,2.6597347
350,0.5456559,2.653654
351,0.755048,3.0592637
352,0.58577925,2.725381
353,0.69642335,2.5667422
354,0.49945703,2.9275496
355,0.59113556,2.7791636
356,0.52997303,2.491752
357,0.14248064,2.2781777
358,0.44551855,2.7360759
359,0.32809886,2.645103
360,0.39693746,2.4233372
361,0.47830954,2.4823794
362,0.5770659,2.3164864
363,0.34662083,2.3906074
364,0.7539723,2.599275
365,0.307884,2.5139937
366,0.2875861,2.3562403
367,0.25556818,2.5461862
368,0.34770092,1.9836042
369,0.42838746,2.3268297
370,0.1436159,2.181208
371,0.33586642,2.8402576
372,0.4937332,2.537767
373,0.58209866,2.4748008
374,0.48235908,2.8707223
375,0.8607709,3.3059678
376,0.5152328,2.8597617
377,0.6279885,3.0263608
378,0.45406094,2.7876232
379,0.41620758,2.8209767
380,0.43377364,2.3630593
381,0.5313163,2.3651335
382,0.25313145,2.4255319
383,0.23276821,2.3060164
384,0.29319227,2.2012289
385,0.26327592,1.9054723
386,0.36652914,2.3211594
387,0.57049996,2.9653976
388,0.4452158,2.3354723
389,0.5892711,2.533061
390,0.6101802,2.8378506
391,0.57017154,2.6413913
392,0.51302457,2.8429072
393,0.43541086,2.4182408
394,0.44031027,2.9697025
395,0.42600122,2.6364472
396,0.24155438,2.1836972
397,0.45331714,2.4638507
398,0.3309432,2.2670236
399,0.44539952,2.7033362
400,0.041315153,0.044608954
401,-0.2829306,-1.0360084
402,0.105107136,0.3783594
403,-0.07468033,0.9692119
404,0.551742,0.90710443
405,0.012454525,0.7892724
406,-0.028923351,0.26646298
407,-0.39691573,0.16684312
408,-0.112029985,0.21066336
409,0.10588858,-0.55744666
410,-0.1545597,-0.7351831
411,-0.6345834,0.8629325
412,0.11824603,0.8405598
413,-0.10441943,0.7732933
414,-0.023269815,0.56636935
415,0.26060137,1.0950366
416,0.33264413,1.2342314
417,0.75622815,2.2661548
418,-0.11165062,0.15293743
419,0.3721469,1.449927
420,0.4912469,0.54176277
421,0.33731878,0.4788647
422,0.019346006,1.4103098
423,0.2806808,1.08623
424,0.7645017,1.7506683
425,0.5052889,1.5449462
426,0.020264544,0.2601719
427,0.15122357,1.1103963
428,-0.0078590475,0.30628583
429,0.2517211,1.3873305
430,0.57507306,1.262977
431,0.2555739,-0.29019475
432,-0.060706697,-0.3947749
433,-0.0057716146,1.4218106
434,-0.22586268,0.15689161
435,0.48016223,1.6540463
436,0.49366996,1.0205548
437,-0.367353,1.2879744
438,0.42428324,2.5853722
439,-0.12695548,0.54749954
440,-0.17925492,1.062006
441,-0.11175576,1.0700938
442,0.007883616,0.5624529
443,0.2805611,0.8453697
444,0.7872699,1.6896048
445,-0.06407315,1.1445464
446,0.16374984,1.0913347
447,-0.4485867,0.40815273
448,0.3990911,-0.0685198
449,-0.2900871,0.530435
450,0.7079876,0.89060175
451,0.71774304,1.4864435
452,0.072160535,0.25802165
453,-0.49083635,1.0607748
454,0.3301636,0.7969191
455,-0.08819836,0.16830702
456,0.28181875,0.87388456
457,0.1965901,0.9218369
458,0.09656388,1.43975
459,0.18757352,0.8099674
460,0.5261974,0.27892867
461,0.2550421,0.32530585
462,0.44004348,0.12576385
463,0.29006988,1.0862682
464,-0.1956568,0.70590067
465,0.29726276,1.0324649
466,0.41631618,0.64187616
467,-0.043513454,-0.29395315
468,0.18501645,-0.10284141
469,-0.22317898,1.5693651
470,0.46909228,1.3994671
471,0.104127474,-0.080497615
472,0.6884275,1.0216706
473,0.05974067,-0.46257767
474,0.60881203,1.5645707
475,-0.45219752,0.2849709
476,-0.16910277,0.56611556
477,0.3519941,-0.062332023
478,-0.06674127,0.07485051
479,0.15550917,0.8063369
480,0.3070952,0.85406375
481,0.053330578,1.6715128
482,0.44173327,2.2471778
483,-0.36553064,0.5483324
484,-0.023563914,-0.5233087
485,-0.12196233,1.3151462
486,0.56693816,0.10535538
487,-0.080712885,1.2091527
488,-0.24556214,0.58326286
489,0.31818756,1.1649415
490,0.1814085,0.08479863
491,0.6079261,1.5437129
492,0.3694941,1.1502166
493,0.50866,1.0995933
494,-0.25048608,-0.121278614
495,-0.34691808,-0.24453408
496,-0.034317724,0.967935
497,-0.3036876,0.82578224
498,0.34540936,0.8358975
499,0.54162574,1.0202743
500,0.52285594,0.43017292
501,0.47916058,0.91203237
502,-0.6110935,1.4215721
503,-0.8617436,1.599599
504,-0.6197031,1.7468499
505,-0.23400247,0.32399842
506,-0.523702,1.6562908
507,-1.148336,2.1232018
508,-0.1981062,1.2735974
509,-0.31622553,1.4224998
510,-0.5163968,1.1416363
511,-0.4526978,1.8336995
512,-0.30386338,0.6215461
513,-0.69513863,1.8871915
514,-1.0174148,1.5462021
515,0.054351635,1.3151764
516,-0.8511992,1.3994145
517,0.517556,1.3371137
518,-0.9368784,2.7306511
519,-0.077427424,1.5065267
520,-0.57766277,1.9618888
521,0.3921462,0.05423444
522,0.13444307,1.3935794
523,-0.90607625,2.1978195
524,-0.10660922,1.3278891
525,-0.34509864,1.8430214
526,0.5406763,0.7075841
527,-0.36884633,0.5797096
528,0.25215814,0.96083266
529,0.3716143,0.77369064
530,-0.07256507,1.270344
531,-0.090490974,1.2011542
532,0.18191168,0.7479028
533,0.27890125,1.7763158
534,-0.7053371,1.3979646
535,0.3843524,0.9858497
536,-0.7705535,2.1956558
537,0.53099144,0.7702632
538,0.40570256,0.4578891
539,-0.5501601,1.922573
540,-0.8296923,1.817755
541,0.1706135,0.96025187
542,-0.24105248,0.70925474
543,-0.5207009,1.2783406
544,-0.19538084,0.968278
545,-0.92644984,1.3260156
546,-0.9481328,2.0154076
547,-0.6517975,1.8794068
548,-0.1608637,1.3925867
549,-0.05113267,0.79653054
550,-0.520502,2.6375647
551,-0.5899423,1.7153298
552,-0.78823394,1.2682363
553,-1.1763272,1.477735
554,-0.8048218,1.0381088
555,-0.2138702,1.6289281
556,-0.26385924,1.1752074
557,0.36361584,0.017446931
558,-0.58245265,1.5690225
559,-0.56687796,1.9714249
560,-0.6618197,1.565027
561,0.35994917,0.47177657
562,-0.012083329,1.3857032
563,-0.97848785,1.4355445
564,-0.9707951,1.526843
565,0.07436363,1.5819033
566,-0.43252665,0.97904295
567,-0.74207026,2.0041564
568,-1.0855639,2.0438669
569,-0.5464741,0.9684103
570,0.27401963,1.0245684
571,-0.18469769,1.7275182
572,-0.57671213,2.068738
573,-0.5229335,1.4898071
574,-0.87176245,1.1500618
575,0.38935745,0.77403086
576,-0.14209759,1.4610833
577,-0.8797001,2.1619816
578,-0.29650515,1.574145
579,0.118996285,0.75108504
580,0.054256193,0.6249388
581,0.045820497,0.7842539
582,0.6081089,0.81037575
583,-1.0975683,1.0931895
584,-0.9526735,2.1486018
585,-0.18289196,0.69164544
586,-0.6715357,1.6120088
587,-0.8120924,1.4558593
588,-0.31110987,1.3656104
589,-0.2046229,0.58916175
590,-1.0403275,1.7952805
591,0.2923833,0.518778
592,-0.48258784,1.5419911
593,-0.4229463,1.8937429
594,-1.191344,1.6448051
595,-0.5540751,2.2214324
596,-0.7905216,1.4607884
597,-0.7874137,2.1051395
598,0.12735945,1.8550484
599,0.46680132,0.5131871
600,-0.335857,0.24653658
601,-0.24616829,0.6066189
602,-0.29644215,0.069563866
603,-0.21191841,0.56790525
604,-0.36285734,0.021584537
605,-0.26325312,0.12872295
606,-0.31012976,0.06602575
607,-0.42495015,0.17306885
608,-0.33641297,0.2916373
609,-0.57064587,0.37360132
610,-0.7408496,-0.05837858
611,-0.20623389,0.13132079
612,-0.36357436,0.15830544
613,-0.4819248,0.041844692
614,-0.52144843,0.012756822
615,-0.26577723,-0.059767414
616,-0.2581051,0.4523379
617,-0.38272324,0.2744163
618,-0.51045245,0.33992946
619,-0.29822397,-0.19514516
620,-0.31181386,0.046916004
621,-0.33916816,-0.06654465
622,-0.41024092,0.013477621
623,-0.54157233,0.135609
624,-0.27608657,0.026833963
625,-0.3596523,0.05816404
626,-0.16121486,0.21630903
627,-0.34721947,-0.091518044
628,-0.29710326,-0.050326396
629,-0.061484575,-0.12960991
630,-0.5928016,0.026511457
631,-0.25348842,0.31237164
632,-0.6495953,0.019674685
633,-0.46375504,0.44974095
634,-0.20715085,0.3711615
635,-0.40496808,0.20429394
636,-0.13850205,-0.025568213
637,-0.6807743,0.116238564
638,-0.4349553,-0.20972362
639,-0.24200135,0.23109826
640,-0.13722497,0.2892109
641,-0.14198866,-0.13965592
642,0.03347943,0.25615868
643,-0.2894435,0.07934211
644,-0.47872636,-0.12320122
645,-0.3624982,0.40920016
646,-0.5625889,-0.013348076
647,-0.5359385,0.069327384
648,0.0980761,0.3306317
649,-0.123466685,0.057623137
650,-0.6295339,0.07055324
651,-0.22379085,0.0077894153
652,-0.40919906,0.017019149
653,-0.5070468,0.29680383
654,-0.099078715,0.17761898
655,-0.3613455,0.19160223
656,-0.37213373,0.24266022
657,-0.25252944,0.066848785
658,-0.3699313,-0.24644065
659,-0.58084476,-0.25906485
660,-0.4730697,-0.10861848
661,-0.49663106,-0.056488756
662,-0.11950511,0.5217265
663,-0.1791096,0.15859112
664,-0.55932796,0.21746483
665,-0.35421303,-0.006352368
666,-0.45108944,-0.12273419
667,-0.32674974,0.4451792
668,-0.6803922,0.14106312
669,-0.49006894,0.60236436
670,-0.58527505,-0.002924296
671,-0.41224626,-0.36811417
672,-0.63628906,0.0034797164
673,-0.49133322,0.2759265
674,-0.54514974,0.22832412
675,-0.24242312,0.18280064
676,-0.48268193,0.16341247
677,-0.51328856,-0.07609844
678,-0.23969993,-0.15240407
679,-0.48493543,-0.22939128
680,-0.58468395,0.011644271
681,-0.45062625,0.5918752
682,-0.31098196,0.48546475
683,-0.5009618,0.16186562
684,-0.22263294,0.11813335
685,-0.2825456,-0.08067566
686,-0.39797714,0.43592808
687,-0.5778705,0.2930233
688,-0.7489654,-0.081680536
689,-0.7123196,0.1494093
690,-0.23966622,-0.16863059
691,-0.39377522,-0.06712118
692,-0.26714864,0.22032419
693,-0.46893302,-0.036441598
694,-0.37207755,0.488075
695,-0.55329406,0.10667038
696,-0.35493234,0.5181541
697,-0.42597038,0.3222297
698,-0.47795662,0.043155488
699,-0.27631202,0.008616683
700,-0.35663414,0.59155715
701,-0.1832886,0.8537437
702,-0.3663628,0.99815375
703,-0.1818392,-0.102292344
704,-0.38167036,0.5646192
705,-0.68064684,0.69784135
706,-0.47430912,0.47414413
707,-0.2909072,0.31856668
708,-0.47704628,0.39794454
709,-0.089500524,0.57898414
710,-0.0760143,1.0798854
711,-0.5565254,0.22448081
712,-0.42002383,0.2866312
713,-0.59705406,0.34022525
714,-0.43113866,0.48964036
715,-0.26631472,0.33848366
716,-0.7406207,0.33497724
717,-0.54210633,0.8153884
718,-0.47275373,0.5509661
719,-0.32792208,0.9388822
720,-0.32420003,0.38095748
721,-0.09983825,0.978385
722,-0.3100114,0.47009447
723,-0.3295852,0.35662565
724,-0.08215571,0.7545856
725,-0.34357795,0.4361994
726,-0.2960538,0.72497934
727,-0.46109852,0.94026285
728,-0.48228517,0.23153389
729,-0.047180317,0.9532314
730,-0.26909918,0.6917395
731,-0.31848052,0.18637654
732,0.124132656,0.9625017
733,-0.53298813,0.21574661
734,-0.52527374,0.17591128
735,-0.20293933,0.53234196
736,0.08300222,0.89064443
737,-0.5573989,0.65387505
738,-0.35800007,0.59461915
739,-0.41766074,0.21299453
740,0.0454368,0.5573484
741,-0.23606145,0.7415951
742,-0.52049744,0.56884134
743,-0.21507376,0.07497296
744,-0.2593552,0.45812356
745,-0.0018502548,0.40465584
746,-0.15112942,1.3638163
747,-0.4785852,-0.2863391
748,-0.41687208,0.5770652
749,-0.4306405,0.5745192
750,-0.26654264,0.7138187
751,0.10281331,0.5764548
752,-0.071284,0.6498392
753,-0.13963208,0.15438756
754,-0.588048,0.35114306
755,-0.08459196,0.79475224
756,-0.40895882,0.60897243
757,-0.2705597,0.801054
758,-0.5181096,0.6276243
759,-0.30876812,0.7629012
760,-0.20219803,0.8058537
761,-0.4916621,0.7276413
762,-0.27055427,0.9623026
763,-0.19553596,0.6375841
764,-0.60747486,0.5138719
765,-0.15244079,0.9076913
766,-0.51117766,0.64819854
767,-0.60619533,0.19414726
768,-0.50821847,0.392627
769,-0.20505172,0.61911047
770,-0.2963525,0.7418111
771,-0.3187897,0.6425761
772,-0.0067785457,0.89396816
773,-0.3582613,0.8270682
774,-0.1005987,0.82709527
775,-0.25751117,0.8457708
776,-0.6744774,0.06695071
777,-0.39957014,0.93570036
778,-0.114170805,0.64548004
779,-0.29258278,0.47954148
780,-0.612528,0.37063214
781,-0.6704835,0.4304681
782,-0.08251283,0.63974285
783,-0.17903838,0.586494
784,-0.29117504,0.8229186
785,-0.24368599,1.0538553
786,-0.44825986,0.05438384
787,-0.5508096,0.5350141
788,-0.27775177,0.4749743
789,-0.6382578,0.077429086
790,-0.10697632,0.53738654
791,-0.6254087,0.5218997
792,-0.38385692,0.6264509
793,-0.42844215,0.23951824
794,-0.21446648,0.62640846
795,-0.42906162,0.026385274
796,-0.43619028,0.5367603
797,0.026867442,0.69203424
798,-0.30464718,0.5254522
799,-0.5024119,0.33400303
800,-0.21405134,1.1754407
801,-0.026364945,2.0804238
802,-0.47557473,0.9723671
803,0.3273737,1.438625
804,-0.20369533,0.980594
805,0.21018058,1.3494982
806,-0.06942814,1.7237517
807,0.1280438,1.0016705
808,0.28996018,1.8997619
809,-0.26499262,1.1088461
810,0.44892892,1.2975569
811,0.3730757,1.5751064
812,-0.004665844,1.3308749
813,-0.09644506,1.247925
814,0.375276,1.2512418
815,0.2999655,1.3767004
816,-0.22438636,1.3853701
817,-0.32477823,1.2425584
818,-0.23244312,1.0206549
819,0.4221252,1.7128224
820,0.030100562,1.1688083
821,0.03895835,1.8878744
822,-0.10971937,1.3405598
823,0.09148205,1.5737861
824,-0.29554382,1.081252
825,0.14238355,0.95295614
826,-0.14434835,1.5825753
827,0.011255927,1.7158525
828,0.08437515,1.3700738
829,-0.16908947,1.4826635
830,0.5145325,1.3695292
831,0.059183873,1.6146845
832,0.35058144,1.8391119
833,0.58394206,1.8769231
834,0.028103955,1.513302
835,-0.29500294,1.0962672
836,-0.058426566,0.8212622
837,-0.0018601492,0.8950793
838,-0.14961383,0.86776465
839,-0.16607982,1.087964
840,0.25959805,1.892094
841,-0.10436291,0.9973722
842,0.17485902,1.0592628
843,0.124180056,1.7842813
844,-0.09027354,1.1174638
845,0.116500445,1.2817141
846,0.24812973,2.0036497
847,-0.26181343,0.79714316
848,-0.18595722,1.1116478
849,0.09128984,1.0583496
850,0.36644462,1.4411857
851,0.11710397,1.5620875
852,0.09790874,1.6041806
853,0.30261216,0.66264313
854,0.17749399,1.520516
855,0.40342954,1.2310128
856,0.13085356,0.54616207
857,-0.021712385,1.2563751
858,-0.18138623,1.1803006
859,0.034089394,1.3733485
860,0.14219555,1.3072376
861,0.40942922,1.5690916
862,0.098196335,1.8241472
863,-0.08519202,0.72119683
864,0.16836917,1.3225892
865,0.16627312,1.277942
866,0.05936519,1.6089532
867,-0.092814796,1.4991853
868,0.08534066,1.6216017
869,-0.28044504,1.3868833
870,0.33984455,1.5756986
871,0.3843842,1.7519166
872,0.02385629,1.2684846
873,-0.3085676,1.5357853
874,0.0073281154,1.0795964
875,0.1416344,1.6337316
876,0.18860525,2.1073895
877,-0.047464795,0.6678095
878,0.201841,1.7569718
879,0.013425805,1.050515
880,0.26576263,1.803278
881,0.011735342,1.0586413
882,0.12400087,0.9608958
883,0.060692616,1.2076389
884,-0.35618818,1.2712476
885,0.2381782,1.3131278
886,0.33087233,1.1404643
887,-0.073039554,1.3806152
888,0.041735478,1.3810748
889,0.59296566,1.4343047
890,-0.008876152,0.89524454
891,0.08766655,0.79867893
892,0.08651582,1.3633771
893,-0.29553783,1.107527
894,0.15777111,1.3262463
895,-0.12697119,1.5051978
896,0.47905484,1.6295371
897,-0.21130362,1.467583
898,-0.07458844,1.6802428
899,-0.12758207,1.4787774
900,-0.20462337,-0.26794428
901,-0.18022239,0.18785232
902,-0.24898764,0.61287737
903,-0.6179533,-0.59240705
904,-0.2691984,0.23419127
905,-0.5200612,-0.48005304
906,-0.39550218,-0.07610373
907,-0.16226718,-0.010346982
908,-0.34919915,0.11174522
909,-0.6097812,-0.13755688
910,-0.56494683,-0.18490696
911,-0.6630571,0.0093711885
912,-0.50409985,-0.084789395
913,-0.38139942,-0.15327615
914,-0.4040676,-0.34429625
915,-0.46581587,0.3339716
916,-0.4540328,0.08388379
917,-0.22368026,-0.20380235
918,-0.111142114,0.31163025
919,-0.28913248,-0.22036985
920,-0.5584398,0.037591662
921,-0.23946431,-0.60536325
922,-0.19758245,0.02570204
923,-0.21014816,0.2651943
924,-0.17879689,0.28086138
925,-0.4368821,0.12827656
926,-0.15752602,0.56258976
927,-0.74676013,-0.10818994
928,-0.29354438,0.5654777
929,-0.31806704,-0.06204552
930,-0.3117036,-0.39738938
931,-0.40659532,0.10643329
932,-0.37102053,0.2820554
933,-0.42251268,0.26681313
934,-0.3173459,0.23559768
935,-0.48985294,0.20878851
936,-0.3168166,-0.0049848733
937,-0.6554058,-0.44618905
938,-0.29278225,-0.25927243
939,-0.595724,-0.036157314
940,-0.44921213,0.15420464
941,0.10599581,-0.1302735
942,-0.39712146,0.3528662
943,-0.35693237,-0.23408698
944,-0.8084811,-0.1663054
945,-0.22142982,-0.36064678
946,-0.11202905,-0.10783924
947,-0.2472964,-0.031342585
948,-0.49128142,0.18822697
949,-0.54002273,0.43655318
950,-0.8490112,-0.1128532
951,-0.5092778,-0.29867336
952,-0.76189345,-0.003435078
953,-0.5482908,0.42928603
954,-0.25876936,-0.07578422
955,-0.48663875,-0.31732312
956,-0.38896292,0.5630299
957,-0.19249645,0.24113426
958,-0.010842644,0.16449878
959,-0.48652175,0.012226966
960,-0.09382423,-0.28144813
961,-0.10611802,0.11836013
962,-0.48277688,0.24818009
963,-0.1586648,0.058026325
964,-0.6688164,-0.40687346
965,-0.5345269,-0.41564164
966,-0.2637361,-0.13323303
967,-0.60591614,-0.28562284
968,-0.2150537,0.17178987
969,-0.68223614,-0.29764196
970,-0.6786958,-0.18194008
971,-0.70425016,-0.04878721
972,-0.45261633,-0.32366088
973,-0.3411479,0.60153973
974,-0.5885392,0.40691835
975,-0.54390574,-0.110084414
976,-0.46164876,-0.49480858
977,-0.66843665,-0.018552903
978,-0.54279304,-0.42785767
979,-0.50996727,0.18156834
980,-0.6012788,0.26381406
981,-0.35669765,-0.03516181
982,-0.45690334,-0.5961668
983,-0.28202504,0.010386211
984,-0.067818135,-0.22338448
985,-0.18905866,-0.38662967
986,-0.37309703,0.08329958
987,-0.45389178,0.009768871
988,-0.28560275,-0.13554108
989,-0.4295685,0.111997455
990,-0.35795596,-0.30481687
991,-0.6532704,-0.15657246
992,-0.592639,-0.47591203
993,-0.34558457,-0.20143217
994,-0.19208074,0.19763173
995,-0.48335883,0.27082154
996,-0.3065118,0.33971563
997,-0.50107396,0.17745954
998,-0.5228426,-0.51888925
999,-0.1963529,-0.0032216636
1000,0.22757316,-0.87803274
1001,0.30659217,-1.2854401
1002,0.16501501,-1.2231765
1003,0.112689696,-1.0615927
1004,0.29018447,-0.9192445
1005,0.37235942,-1.0912551
1006,0.35637078,-0.8904471
1007,0.17758653,-1.3186039
1008,0.23848227,-1.3170528
1009,0.014592893,-1.1918674
1010,0.10151061,-1.5078695
1011,0.082844146,-1.0015179
1012,0.089136995,-1.1118076
1013,0.1734485,-1.1042582
1014,0.25262937,-0.80233455
1015,0.386102,-0.94876224
1016,0.3498685,-0.7508062
1017,-0.17698178,-1.0759708
1018,0.1222313,-0.8723512
1019,-0.071207814,-1.4799047
1020,0.20588088,-1.0784596
1021,0.05054822,-1.0298402
1022,-0.034676477,-0.88925636
1023,-0.010334827,-0.86843497
1024,-0.07114849,-1.2040055
1025,-0.04597602,-0.89178634
1026,-0.09973488,-1.2775375
1027,-0.08344423,-0.9220181
1028,0.22641441,-1.2443128
1029,0.22322944,-1.062914
1030,0.20085654,-1.2015961
1031,0.0628342,-0.8892398
1032,-0.07245015,-1.0570887
1033,-0.061057366,-1.2662458
1034,0.3262216,-1.1807109
1035,-0.29517612,-1.1617098
1036,-0.05423131,-1.2035388
1037,-0.14404604,-1.3290296
1038,0.048914857,-1.1716841
1039,0.05415245,-1.072934
1040,0.2960506,-0.71867
1041,-0.052812226,-0.8217563
1042,0.15057242,-1.4120023
1043,0.074476935,-1.0367545
1044,0.13143286,-1.5496116
1045,0.23585078,-0.9725147
1046,0.028168254,-1.1538837
1047,0.32600203,-1.0735848
1048,0.55255145,-0.8946544
1049,0.037285276,-1.4636383
1050,-0.10659116,-1.255115
1051,0.0887369,-1.3164246
1052,-0.051287465,-1.0634853
1053,0.121599786,-0.89356524
1054,-0.03873495,-1.3366597
1055,-0.16203737,-1.5747519
1056,0.24556154,-0.8382182
1057,0.0745615,-1.3374839
1058,0.13088378,-1.0717301
1059,0.20628569,-1.3866509
1060,-0.05869413,-1.1997144
1061,0.05053985,-0.97087795
1062,0.0503204,-0.85957646
1063,0.10878404,-1.3833559
1064,0.20986956,-1.2952112
1065,0.116653614,-1.2485073
1066,-0.047320478,-1.0748208
1067,0.042566538,-1.0510575
1068,0.22495589,-1.2017286
1069,0.06598318,-1.342846
1070,-0.09300143,-1.0581
1071,0.23033145,-1.2456453
1072,0.03575278,-0.86832327
1073,0.24011862,-1.4285821
1074,0.04798986,-1.0510871
1075,0.18847945,-1.1556678
1076,0.3753498,-0.6656223
1077,0.24345604,-0.650044
1078,0.10692688,-1.0312576
1079,0.23882258,-1.1897011
1080,0.13975766,-0.9322616
1081,0.08305854,-1.0652512
1082,0.34487122,-1.2569094
1083,0.18430448,-0.92856854
1084,-0.20549014,-1.1176287
1085,-0.118705265,-1.1196121
1086,0.10372994,-0.9987685
1087,0.2622908,-1.4072955
1088,-0.025955342,-1.168421
1089,0.05195888,-1.0141308
1090,0.10121635,-1.1646354
1091,0.08003668,-1.00412
1092,-0.007490568,-1.1498766
1093,0.32814816,-0.96002656
1094,0.21209982,-1.2318919
1095,0.12353126,-1.1328778
1096,0.17154506,-0.96267414
1097,-0.05683648,-1.4359739
1098,0.10901306,-0.7143337
1099,0.07103596,-1.5019288
1100,-0.14197126,1.135047
1101,-0.43408915,-0.23392451
1102,-0.34035832,1.0313239
1103,-0.70808595,0.59708875
1104,-0.68366045,0.46478528
1105,-0.6850932,0.38540825
1106,-0.28946435,0.37851077
1107,-0.5505043,0.73520917
1108,-0.40933624,0.28014672
1109,-0.3442072,0.15748653
1110,-0.23782974,0.581902
1111,-0.51326656,0.06566718
1112,-0.6002273,0.8351963
1113,-0.4127336,1.2616595
1114,-0.33122265,0.88758796
1115,-0.25099474,0.9034212
1116,-0.28132656,0.4643955
1117,-0.54297096,0.3193531
1118,-0.36089465,0.5496983
1119,-0.58943576,-0.28390723
1120,-0.3990799,1.0169829
1121,-0.39842156,0.48108754
1122,-0.89434665,0.6042935
1123,-0.4629992,0.51547915
1124,-0.5001451,0.46408418
1125,0.0697169,0.51668125
1126,-0.7848199,0.18891206
1127,-0.39532697,1.0811348
1128,-0.19406715,0.2892076
1129,-0.78695977,0.6402516
1130,-0.3059266,1.0878156
1131,-0.7027518,0.76472324
1132,-0.4217209,0.13806191
1133,-0.44529387,0.79895717
1134,-0.35797763,0.06841341
1135,-0.34783328,1.2219297
1136,-0.20449317,0.43751425
1137,-0.62045175,0.21405664
1138,-0.28746578,1.432743
1139,-0.23026007,0.9781017
1140,0.09583912,0.33064622
1141,-0.6097382,0.881094
1142,-0.6300071,0.4497964
1143,-0.28787506,0.6120601
1144,-0.24642628,0.64214426
1145,-0.39912704,1.0523424
1146,-0.3193164,0.5300923
1147,-0.80534834,0.69845825
1148,-1.0744311,0.5478752
1149,-0.5627469,1.1293975
1150,-0.23501769,-0.08227265
1151,-0.3635951,0.08427888
1152,-0.34981546,0.8993977
1153,-0.3174999,0.28681985
1154,-0.8098759,0.7826903
1155,-0.17329259,0.3879405
1156,-0.77542156,0.5705003
1157,-0.32659,0.5939816
1158,-0.44176868,1.1784186
1159,-0.5871728,0.9928642
1160,-0.16185564,0.86944294
1161,-0.34732258,0.94188195
1162,-0.25175998,1.1239674
1163,-0.4316148,0.99967164
1164,-0.79301095,0.7219738
1165,-0.1641056,0.82376903
1166,-0.6104997,1.0093002
1167,0.06796498,0.8011671
1168,-0.3341213,0.37464768
1169,-0.76008433,0.64163035
1170,-0.503102,0.47688568
1171,-0.5009711,0.5216759
1172,-0.078365386,0.57727516
1173,-0.29043368,0.37047175
1174,-0.72717947,0.750768
1175,-0.6302063,0.3490452
1176,-0.24386743,0.52502954
1177,-0.8655219,0.56178874
1178,-0.6653311,0.58070475
1179,-0.7121749,0.6635379
1180,-0.24102831,1.2680572
1181,-0.15205501,0.8549236
1182,-0.24923149,0.9354183
1183,0.010685891,0.64747566
1184,-0.14403412,0.38411546
1185,-0.3152983,0.11649063
1186,-0.53196573,-0.08056414
1187,-0.30019116,0.45119318
1188,-0.5998785,0.7698168
1189,-0.5108941,0.59570897
1190,-0.49954417,1.0614024
1191,-0.62627745,0.32511392
1192,-0.1765703,0.90490484
1193,-0.69013613,-0.2696487
1194,-0.50714356,0.51429045
1195,-0.010557074,0.3532459
1196,-0.3494914,0.7060366
1197,-0.73743397,0.78041476
1198,-0.749312,0.39280137
1199,-0.38094142,0.5250891
1200,2.6797774,-0.9093204
1201,3.033171,-0.9226368
1202,2.6549222,-1.3018647
1203,2.3015454,-1.6328485
1204,3.034785,-0.4181215
1205,2.4110827,-1.5031548
1206,3.1842353,0.03457543
1207,3.2854118,0.5087604
1208,3.2842095,0.6949665
1209,2.5036035,-1.5149674
1210,2.5207698,-1.9840826
1211,3.6860247,0.64224905
1212,2.851776,-0.8745076
1213,3.2802336,0.24469325
1214,3.6626697,0.54060954
1215,2.849304,-0.7800097
1216,3.5524435,0.55072707
1217,3.3243177,0.38310167
1218,2.913753,-0.25220183
1219,3.0410008,-0.7758712
1220,2.745642,-1.739838
1221,2.9748185,-0.3162991
1222,2.7816956,-0.7489155
1223,2.6964734,-1.2020731
1224,3.1777418,0.010785547
1225,3.5130098,0.42224595
1226,2.9719758,-0.27446714
1227,3.2086833,0.824925
1228,2.2640152,-1.6707876
1229,2.6384938,-1.717673
1230,2.8018909,-1.4278127
1231,3.3060296,0.17154095
1232,2.5585997,-1.4692311
1233,3.285004,0.008493629
1234,3.4569101,0.8173899
1235,2.9908412,0.1368632
1236,3.274727,0.028056111
1237,2.8916016,-0.73012036
1238,2.8085349,-1.3416095
1239,3.137355,0.7493182
1240,3.1381972,0.47659907
1241,2.905765,-0.7679543
1242,3.3201368,0.26761922
1243,3.1214957,0.11716816
1244,2.4979582,-1.2425466
1245,2.814731,-1.2996439
1246,3.0194225,-0.6775151
1247,2.5769513,-2.1778603
1248,2.8948152,-0.649365
1249,2.9765623,-0.36346713
1250,3.1495347,0.5298473
1251,3.0126595,-0.97489005
1252,3.0319326,0.1590974
1253,2.9259994,-0.62258273
1254,3.3439558,0.8633179
1255,3.14139,0.24413654
1256,2.9613175,0.18587193
1257,2.9363496,0.008134213
1258,3.2469728,-0.106200725
1259,2.4118173,-1.686278
1260,2.8321471,-1.4885551
1261,3.0128572,-0.37233093
1262,2.2472336,-1.8576174
1263,3.4607456,0.2707803
1264,3.4933512,0.42530784
1265,2.517711,-1.762964
1266,2.548825,-0.71500236
1267,2.8741658,-0.68556505
1268,2.970513,-1.0991299
1269,2.23506,-1.8391001
1270,3.367781,0.27389356
1271,2.826928,-0.3231955
1272,3.2438607,0.10555622
1273,2.9065669,-0.25442496
1274,3.130221,-0.5930143
1275,2.6896944,-1.9357654
1276,3.0969105,-0.022445235
1277,2.9142098,-0.9481881
1278,2.566937,-1.6341355
1279,2.318426,-2.0241199
1280,2.541035,-1.690728
1281,2.9322217,-0.20045856
1282,3.4365113,0.29351816
1283,3.0292363,-0.27367488
1284,3.19119,-0.014413151
1285,2.994797,-0.5286377
1286,3.0534153,-0.3536226
1287,2.279134,-2.1297765
1288,3.3326747,0.6429574
1289,2.7759092,-0.07444993
1290,3.3855124,0.28244373
1291,3.2769935,0.7416728
1292,2.953449,-0.7539939
1293,3.4392984,0.6783486
1294,3.2004197,0.67147964
1295,3.5047853,0.77737385
1296,2.9017549,-0.6230337
1297,3.0989764,-0.5405944
1298,2.8220296,-0.15453652
1299,3.4317617,0.5081555
1300,-0.8725439,-0.9416169
1301,-1.009786,-0.76717097
1302,-0.70764446,-0.70503503
1303,-1.1454523,-0.9725501
1304,-0.8894021,-0.43989608
1305,-0.48524097,-0.67429024
1306,-0.7322994,-0.76443917
1307,-0.82084465,-0.7440077
1308,-0.7969262,-0.59290195
1309,-0.90479356,-1.1212069
1310,-0.57413155,-0.6069822
1311,-0.82055116,-0.44703025
1312,-1.1618459,-0.5964238
1313,-1.1204023,-1.0184281
1314,-0.8924796,-0.63240916
1315,-0.9879366,-0.5857162
1316,-1.004656,-1.0820132
1317,-0.91579443,-0.93905157
1318,-0.809684,-0.8125607
1319,-0.8241927,-0.5884538
1320,-1.003017,-1.0209789
1321,-0.93097156,-0.7999009
1322,-1.0912747,-0.9036894
1323,-0.8569208,-0.677696
1324,-0.65331256,-0.570952
1325,-0.8804255,-0.8045227
1326,-0.8097101,-0.30942568
1327,-1.1891139,-0.7754774
1328,-0.8189811,-0.7797783
1329,-0.52368647,-0.7627328
1330,-1.0698189,-0.74170893
1331,-0.79720503,-0.6005135
1332,-0.9973505,-0.7179742
1333,-1.1109953,-0.5567719
1334,-0.9899897,-0.88996464
1335,-0.8591325,-1.030709
1336,-1.0332086,-1.092479
1337,-0.9937522,-0.81742334
1338,-1.0966104,-1.0219685
1339,-0.9337295,-0.22327283
1340,-0.9834179,-0.55756867
1341,-0.9547221,-0.74859333
1342,-1.0615969,-0.41132256
1343,-1.2584853,-1.0460782
1344,-1.0045058,-0.40688697
1345,-0.7979916,-0.6915222
1346,-0.70306486,-0.78988296
1347,-0.9770162,-0.8312143
1348,-0.7866565,-0.48496854
1349,-0.67809653,-0.68592936
1350,-0.6854716,-0.6948937
1351,-0.83686167,-0.43896323
1352,-0.9716252,-0.6426408
1353,-0.8454628,-0.6146271
1354,-0.5270416,-0.61573714
1355,-0.81172675,-0.82265794
1356,-0.96227854,-0.82623494
1357,-0.9626413,-1.1981189
1358,-0.95440716,-0.6153413
1359,-0.8002755,-0.6443102
1360,-1.0160446,-0.623859
1361,-0.8181376,-0.7228235
1362,-1.1056921,-1.1134264
1363,-1.142423,-0.88168555
1364,-1.1288607,-0.85673994
1365,-0.5302794,-0.38042998
1366,-1.2190937,-0.7505711
1367,-0.90406615,-0.5884392
1368,-0.66221327,-0.69127005
1369,-0.9405852,-0.7509487
1370,-0.9106308,-0.7721262
1371,-0.85680676,-0.84288055
1372,-0.84253836,-0.81305486
1373,-0.9759857,-0.8187063
1374,-0.9608688,-0.6515339
1375,-1.0896089,-0.5840929
1376,-1.1981478,-0.46902016
1377,-0.79456824,-0.4248541
1378,-1.1423323,-0.9249484
1379,-0.79374707,-0.9281499
1380,-0.747727,-0.8849109
1381,-0.78826827,-0.5837279
1382,-1.059788,-0.6043528
1383,-0.8909774,-1.0543823
1384,-1.0146834,-0.8885086
1385,-0.78469497,-0.747473
1386,-1.1696868,-0.6640389
1387,-0.65518445,-0.6798052
1388,-0.96935487,-0.9749508
1389,-0.94846094,-0.75936717
1390,-0.6174057,-0.5991127
1391,-0.88101554,-0.67980397
1392,-0.64396495,-0.55723065
1393,-0.97712165,-0.76254874
1394,-0.92133516,-0.61342555
1395,-1.0677917,-0.8127595
1396,-1.1340125,-0.9787678
1397,-0.94895643,-0.47808912
1398,-0.6854724,-0.6024434
1399,-0.9616985,-1.327035
1400,-1.0752919,-1.2179575
1401,-0.9294781,-1.2000048
1402,-0.92752236,-1.145436
1403,-1.0598627,-1.1676714
1404,-0.8243486,-1.330295
1405,-0.6963772,-1.1426153
1406,-0.92454904,-1.3763285
1407,-0.7836703,-1.3430259
1408,-1.2496207,-1.061828
1409,-0.8224653,-1.3710618
1410,-0.5820796,-1.0084502
1411,-1.0900569,-1.4314952
1412,-1.1447325,-0.8308171
1413,-0.77137184,-1.0043141
1414,-0.875874,-1.1257417
1415,-0.66444623,-1.0766835
1416,-1.2043393,-1.6150192
1417,-0.9381508,-1.1551517
1418,-0.81802005,-1.10558
1419,-1.0349823,-1.0506597
1420,-0.9674499,-0.98385113
1421,-1.0501069,-1.3245256
1422,-1.1978221,-1.2960277
1423,-0.957282,-1.154443
1424,-0.76842827,-1.1862308
1425,-0.93913585,-1.3543599
1426,-0.7386512,-1.0536454
1427,-0.7848062,-1.2803848
1428,-0.8708458,-0.9460642
1429,-0.89519876,-1.4833685
1430,-1.0162146,-1.3064263
1431,-0.87825215,-1.2048864
1432,-0.8865753,-1.2319374
1433,-0.99290603,-1.3052943
1434,-0.69860613,-1.0323348
1435,-0.96541995,-0.9940774
1436,-0.75214046,-0.7619545
1437,-1.3785734,-1.2934821
1438,-1.0077662,-1.2811708
1439,-0.9096544,-1.2375578
1440,-0.86336434,-0.91181076
1441,-1.0069765,-1.1990703
1442,-0.9568759,-1.2813926
1443,-0.82897455,-0.92843175
1444,-1.0773568,-1.0990744
1445,-0.92544466,-1.305994
1446,-0.9616383,-1.2318406
1447,-0.8906564,-1.1089945
1448,-0.9330748,-1.4136944
1449,-0.7164734,-0.98208904
1450,-1.0029117,-1.2638803
1451,-0.98254514,-1.3571334
1452,-1.0758145,-1.110641
1453,-0.9645465,-0.93244183
1454,-0.88652205,-1.0116622
1455,-1.2134575,-1.1817539
1456,-1.0785152,-1.3912293
1457,-1.0393072,-1.172679
1458,-1.1392134,-0.9685971
1459,-1.0202177,-0.7520164
1460,-1.0076536,-0.99643385
1461,-1.1338859,-1.0073023
1462,-0.92748344,-1.1778784
1463,-0.69272953,-1.1196762
1464,-1.1970251,-1.1825528
1465,-1.1749961,-1.4925597
1466,-0.9487025,-1.2580826
1467,-1.0426145,-1.2230055
1468,-1.037722,-1.3183228
1469,-0.79582405,-1.0129855
1470,-1.1523848,-1.2168192
1471,-0.93637854,-1.3908453
1472,-1.1223772,-1.2079852
1473,-0.9888504,-1.1792214
1474,-0.9340403,-0.74616116
1475,-0.92411953,-1.0341822
1476,-0.7985886,-0.784442
1477,-0.95563763,-0.8605677
1478,-0.85246915,-1.3415997
1479,-0.941332,-1.5139802
1480,-0.8143561,-0.8643437
1481,-0.90909797,-1.1524056
1482,-0.85902816,-1.4353948
1483,-0.91366714,-0.9115222
1484,-1.1116388,-1.2323091
1485,-1.1880039,-1.1600511
1486,-0.8234816,-1.0451864
1487,-0.711518,-1.0387661
1488,-0.80537385,-1.087229
1489,-1.108844,-1.0948449
1490,-0.86395603,-0.74009085
1491,-0.69046736,-1.0627222
1492,-1.2064632,-1.4631562
1493,-1.1738554,-1.2081966
1494,-0.7184736,-0.8411419
1495,-1.0509386,-1.1707487
1496,-0.7795053,-0.8923586
1497,-0.90629566,-1.3370881
1498,-0.8744425,-0.8454002
1499,-1.0331136,-1.1723365
1500,2.9608667,-1.0662742
1501,3.1371768,-0.94985217
1502,2.9389865,-0.97354335
1503,2.8346107,-0.661176
1504,3.0079,-1.1530894
1505,3.0410929,-1.2447879
1506,3.148898,-1.1116242
1507,3.068992,-0.8629368
1508,3.005378,-0.7698862
1509,3.007262,-0.9820784
1510,2.871056,-1.0635815
1511,2.6678948,-1.199628
1512,2.863107,-0.84605414
1513,3.156758,-0.9631782
1514,3.1637719,-0.7963347
1515,3.0946944,-1.08942
1516,2.8957117,-1.0335684
1517,3.0106268,-1.1268063
1518,2.8433583,-1.3357782
1519,3.2204149,-0.85587174
1520,2.9057999,-1.0405108
1521,2.9053242,-1.2018846
1522,3.2980258,-0.7516046
1523,3.0697045,-1.1541162
1524,3.1858215,-1.1594325
1525,3.1510465,-1.0397778
1526,3.100016,-0.8688089
1527,3.0844514,-0.954848
1528,3.2635624,-0.69582444
1529,3.3877947,-0.66264874
1530,2.8069608,-1.2541506
1531,2.9428356,-0.93264836
1532,3.176946,-1.003162
1533,3.1186254,-0.6107624
1534,3.204055,-0.9886914
1535,3.0383825,-1.0653669
1536,2.9072716,-1.0436106
1537,2.7076018,-0.81953937
1538,2.8987343,-1.2014368
1539,2.687267,-1.0099834
1540,2.7545068,-0.8861616
1541,3.0083907,-1.1336739
1542,3.0147917,-1.186228
1543,3.3039596,-0.6168379
1544,3.057644,-0.8701264
1545,3.0062015,-1.0752454
1546,2.9749444,-1.1958091
1547,3.0800483,-1.0523883
1548,3.2527745,-1.151169
1549,2.870804,-1.0201485
1550,2.965895,-0.8125823
1551,3.1564913,-1.1032513
1552,2.8161047,-1.1776594
1553,2.9100482,-1.0405968
1554,3.0526226,-0.77918595
1555,3.295355,-0.8530831
1556,3.0150735,-1.1616241
1557,2.8575113,-0.9955148
1558,2.9985912,-1.0226216
1559,2.9986403,-1.206734
1560,2.852205,-1.0099269
1561,2.9271648,-1.346628
1562,2.9356956,-0.89923006
1563,3.1022358,-0.9897559
1564,3.0166023,-0.9255462
1565,2.993159,-1.0669574
1566,3.1546385,-0.99576837
1567,2.7520912,-0.8985643
1568,3.112489,-1.0118922
1569,3.1744087,-0.63896435
1570,2.8192167,-0.8612239
1571,3.0316656,-0.6385593
1572,3.1223412,-0.63337344
1573,3.2273648,-1.025087
1574,3.1087134,-1.0105573
1575,3.0224402,-1.1174393
1576,3.0678232,-1.1835003
1577,2.9259336,-0.9979529
1578,3.093158,-0.8653112
1579,2.886584,-0.823695
1580,3.1786053,-1.0929443
1581,2.9969316,-1.1356043
1582,3.2439284,-1.0842658
1583,2.917817,-1.2640705
1584,2.8483713,-1.0728859
1585,3.1219175,-1.0359857
1586,3.0023825,-0.8477288
1587,3.251732,-0.90623397
1588,3.5067444,-0.6969448
1589,2.7963464,-1.1409827
1590,2.9306166,-1.1634152
1591,3.0606368,-1.216072
1592,2.9127676,-1.0114847
1593,3.0673416,-0.8731267
1594,2.989374,-1.0611587
1595,2.6152208,-1.3673496
1596,3.0088813,-0.9332537
1597,2.8501883,-1.0234255
1598,2.8616483,-1.1653286
1599,3.0806916,-0.7323819
1600,-0.33939862,0.41797575
1601,-1.3587556,-0.18139955
1602,-0.8402638,0.9309285
1603,-0.922815,0.7615582
1604,-1.2989348,-0.42745307
1605,-0.7342108,-0.71014065
1606,-0.85161877,0.09628549
1607,-0.9852681,-0.25694302
1608,-1.1499784,-0.6626158
1609,-0.91624993,0.30688795
1610,-1.0105463,0.049630072
1611,-1.1183107,-0.28110543
1612,-1.1710978,-0.3844463
1613,-0.5863361,0.61822915
1614,-0.9066927,-0.56713516
1615,-0.9075692,-0.17060515
1616,-1.5294992,-0.98252344
1617,-0.9818456,0.061143603
1618,-1.1966207,0.31581756
1619,-1.2216047,0.1643295
1620,-0.81124717,1.0075862
1621,-0.36304,0.38615337
1622,-1.1234019,-0.23038414
1623,-0.8690085,0.38916105
1624,-1.1605426,0.25059286
1625,-1.5858366,-0.70244163
1626,-0.5640543,-0.07324305
1627,-0.5946769,1.0080742
1628,-0.90352243,1.0731438
1629,-1.1786712,-0.61416465
1630,-1.2159806,-0.41274723
1631,-1.0208768,-1.0008225
1632,-0.58066857,1.2350739
1633,-0.37041077,1.0284111
1634,-0.9168692,-0.005122098
1635,-0.7993653,0.545415
1636,-0.7295113,-0.6981448
1637,-0.90456146,-0.07520005
1638,-1.2191556,0.57680154
1639,-0.42019165,1.2610046
1640,-0.3123332,1.3747351
1641,-0.769987,0.43022886
1642,-0.4762961,0.06547032
1643,-0.9501646,0.35181013
1644,-1.4468784,-1.0010754
1645,-0.9289287,-0.4188771
1646,-0.43287715,0.46404848
1647,-0.6858707,-0.025436584
1648,-1.2346916,-0.81676537
1649,-0.8586496,1.2539219
1650,-1.2560936,0.19293597
1651,-1.1751671,-0.2770159
1652,-0.8192121,0.14363557
1653,-0.52161497,0.53042454
1654,-0.9865914,0.7363625
1655,-0.9376344,0.19534704
1656,-0.5692067,0.57999873
1657,-0.74473035,-0.116797805
1658,-0.9656378,-0.8887958
1659,-1.1542513,-0.74805254
1660,-0.68776816,0.43636292
1661,-1.1380353,-0.67501557
1662,-0.7691931,0.33407363
1663,-0.8850917,1.0059031
1664,-0.70562905,0.24559063
1665,-0.52656424,0.47111288
1666,-0.771733,-0.98569083
1667,-0.919584,0.3589932
1668,-1.0205228,-0.95553106
1669,-1.4147439,-0.12782308
1670,-0.86262566,0.26694006
1671,-0.49737093,0.71382564
1672,-0.5173073,0.97051156
1673,-0.5368494,1.119452
1674,-1.1703736,-0.22068122
1675,-1.0128027,-0.79850006
1676,-0.56904095,0.41699523
1677,-0.68344146,1.1440961
1678,-0.8222704,0.39869064
1679,-0.903289,0.7848647
1680,-0.669572,1.2220979
1681,-1.1776595,-0.21764025
1682,-1.4159328,-1.0995189
1683,-0.9216962,-0.96572655
1684,-0.30488923,1.2053484
1685,-0.63197654,0.08235279
1686,-0.4437272,0.5140404
1687,-0.93146914,-0.75311553
1688,-0.982488,-0.4214717
1689,-1.4492862,-0.8466088
1690,-0.98700535,-0.31191638
1691,-0.9599665,0.49648824
1692,-1.0195777,1.0369726
1693,-1.3423041,-1.1474999
1694,-1.4317942,-0.5166491
1695,-1.2531428,-0.56637985
1696,-1.0778757,-0.06212208
1697,-1.1990883,-0.21727267
1698,-1.1371182,0.26260242
1699,-0.63553816,1.0656443
1700,-0.44570842,-2.3751006
1701,-0.8239581,-2.045999
1702,-0.57995486,-1.7658494
1703,-0.2646545,-2.1993408
1704,-0.5233813,-2.2924006
1705,-0.5193749,-2.0934267
1706,-0.52111214,-2.013242
1707,0.044438325,-0.8432737
1708,-0.02700656,-1.389077
1709,-0.7344092,-2.5908992
1710,-0.8732329,-2.6684418
1711,-0.47165224,-0.997525
1712,-0.17329022,-1.7032504
1713,-0.24612793,-1.0709732
1714,-0.5602319,-1.9759233
1715,-0.5455558,-2.2038245
1716,-0.41591337,-1.6926044
1717,-0.32952058,-0.8832889
1718,-0.14548638,-1.1363882
1719,-0.6041046,-1.7870176
1720,-0.23132709,-0.92181474
1721,-0.39538154,-1.56144
1722,-0.5658334,-2.3608208
1723,-0.030867778,-1.4660155
1724,-0.6177715,-1.9584842
1725,-0.20466304,-1.0984695
1726,-0.17423633,-1.9249752
1727,-0.30641025,-1.4119002
1728,-0.6507337,-2.163313
1729,-0.80272347,-2.077932
1730,-0.40947005,-1.5223904
1731,0.1987302,-0.32944283
1732,-0.6690261,-2.5488925
1733,0.2347553,-0.29658774
1734,0.014938004,-0.87678564
1735,-0.24414656,-1.2278793
1736,-0.27247927,-1.5747631
1737,-0.3380293,-1.9580004
1738,-0.55465883,-1.7221345
1739,-0.35191098,-1.218066
1740,-0.31447923,-1.2589948
1741,-0.3573707,-1.2061133
1742,-0.50091624,-2.2944686
1743,-0.5811718,-2.3504477
1744,-0.7269339,-2.529181
1745,-0.32864285,-1.3854009
1746,-0.077434726,-0.575134
1747,-0.45177552,-2.3076816
1748,-0.70952034,-2.6989608
1749,0.045576043,-0.68506944
1750,-0.72034305,-2.7401056
1751,-0.4284182,-1.4397478
1752,-0.718808,-2.198134
1753,-0.14257225,-0.6459512
1754,-0.26446223,-1.6892309
1755,-0.18813944,-0.5659018
1756,-0.36601856,-0.7792101
1757,-0.21857396,-1.2264199
1758,-0.8017249,-2.8820443
1759,-0.1925998,-1.199715
1760,-0.113395326,-0.8643846
1761,-0.6912139,-2.2948089
1762,-0.304019,-1.0517423
1763,-0.16893011,-1.1971052
1764,-0.3810094,-1.1842159
1765,-0.17573586,-0.9205584
1766,-0.63469917,-1.9880517
1767,-0.1905497,-0.71402603
1768,-0.01731833,-0.55930537
1769,-0.26261508,-1.857831
1770,-0.11650246,-0.98143715
1771,-0.40977922,-1.9057785
1772,-0.062044017,-0.7058478
1773,-0.4464114,-1.2717474
1774,-0.7786009,-2.194312
1775,-0.74563617,-2.5072985
1776,-0.3321572,-1.1383128
1777,-0.73132473,-2.383113
1778,-0.5108959,-2.6585605
1779,0.019085892,-0.5566449
1780,-0.47189307,-1.745745
1781,-0.050914936,-0.6374377
1782,-0.12127089,-1.0363166
1783,-0.021184497,-1.3681982
1784,-0.447284,-2.1263113
1785,-0.14472157,-1.0425712
1786,-0.4658307,-1.977977
1787,-0.4592614,-2.1269403
1788,-0.033658646,-0.7939941
1789,0.05481498,-0.6678044
1790,-0.018264726,-0.5897739
1791,-0.5686658,-2.5022407
1792,-0.3352424,-1.6537263
1793,-0.3669425,-1.6529958
1794,-0.15983659,-1.0035212
1795,-0.51637363,-2.0979598
1796,-0.39119425,-1.5963905
1797,-0.44530007,-2.6096597
1798,-0.44684502,-2.2535737
1799,0.11370408,-0.9540606
1800,-0.60194266,-1.1693723
1801,-0.64623576,-1.5215054
1802,-0.36017,-1.1085069
1803,-0.45009574,-0.6005016
1804,-0.66619,-1.2114593
1805,-0.62604195,-1.3714732
1806,-0.8319581,-1.2883172
1807,-0.8518536,-0.90352476
1808,-0.42662826,-1.186485
1809,-0.760596,-1.6918235
1810,-0.57150453,-1.001665
1811,-0.8641823,-1.5142968
1812,-0.7125172,-1.1907961
1813,-0.85825306,-1.3185048
1814,-0.6034887,-1.5776931
1815,-0.5683003,-1.0497794
1816,-0.8191748,-1.2293293
1817,-0.5017755,-0.8892942
1818,-0.84465677,-1.505342
1819,-0.9239351,-1.2433739
1820,-0.91382474,-1.3656843
1821,-0.9556428,-0.9787776
1822,-0.6154128,-0.92461437
1823,-0.7852262,-1.5571967
1824,-0.84631884,-0.9177364
1825,-0.6985975,-1.177068
1826,-0.6469103,-1.3266976
1827,-0.9040068,-1.2165799
1828,-0.89431363,-1.4665251
1829,-0.73302823,-1.2062812
1830,-0.8098026,-0.94351244
1831,-0.77156645,-0.74642974
1832,-0.736574,-1.4152427
1833,-0.7852564,-1.0297189
1834,-0.92317355,-1.4549783
1835,-0.46451876,-1.266523
1836,-0.90767545,-1.4843987
1837,-0.7187322,-1.613683
1838,-0.56847495,-1.5589533
1839,-0.63696796,-1.2581546
1840,-0.6649328,-1.0627514
1841,-0.97928786,-1.5403818
1842,-0.6616228,-1.1857903
1843,-0.41219714,-1.0439434
1844,-0.9954193,-1.3424213
1845,-1.026598,-1.1234239
1846,-0.5096862,-1.2906089
1847,-0.5790188,-0.80930185
1848,-0.8275455,-1.6573544
1849,-0.7154723,-1.5469713
1850,-0.4316674,-0.89842886
1851,-0.68295276,-0.9230755
1852,-0.3349936,-0.68315214
1853,-0.5734804,-1.1036332
1854,-0.6552753,-1.3677521
1855,-0.9352775,-1.3014499
1856,-0.44346577,-0.9400117
1857,-0.33766204,-1.1279733
1858,-0.9620494,-1.001106
1859,-1.0084656,-1.7425402
1860,-0.443153,-0.7238633
1861,-0.5021531,-0.929748
1862,-0.5374218,-1.2902052
1863,-0.49875945,-0.87089086
1864,-0.6526916,-1.3843118
1865,-0.609787,-1.6307049
1866,-0.6536036,-1.2878454
1867,-0.6077144,-1.4006279
1868,-0.40924338,-1.0247089
1869,-0.39710763,-0.9863943
1870,-0.6570771,-0.9829394
1871,-0.69360954,-0.7470761
1872,-0.46154353,-1.120638
1873,-0.69064265,-0.7771757
1874,-0.24338225,-0.9663074
1875,-1.0105895,-1.3163278
1876,-0.92527884,-0.9629569
1877,-0.8958434,-1.1681556
1878,-0.5204604,-0.7068987
1879,-0.85514855,-0.7978566
1880,-0.6029775,-1.4261739
1881,-0.5411113,-1.5283577
1882,-0.9040041,-1.2454255
1883,-0.51067394,-1.0271394
1884,-0.4342635,-0.93816984
1885,-0.9267661,-0.92590964
1886,-0.57668406,-1.6556245
1887,-0.69304115,-0.7556623
1888,-0.33834812,-0.58647174
1889,-0.68751925,-1.6355286
1890,-0.9058748,-1.1310716
1891,-0.5376965,-1.1774929
1892,-0.7626707,-1.35802
1893,-0.7978845,-1.2229259
1894,-0.8852014,-1.5618222
1895,-0.7822003,-1.586812
1896,-0.5603567,-1.4649782
1897,-0.59474,-0.9025791
1898,-0.8054952,-1.123612
1899,-0.44874617,-1.2713954
1900,-1.0850918,-0.6759743
1901,-1.1896231,-0.7665904
1902,-1.0383953,-0.0987623
1903,-1.007584,-0.68259454
1904,-0.97292334,-1.1177877
1905,-0.9017842,-0.7790514
1906,-1.1214702,-0.56781787
1907,-0.7907099,-0.50332236
1908,-1.1615592,-0.19904605
1909,-0.56259495,-0.85440224
1910,-0.8877959,-0.33230397
1911,-0.6191332,-0.8084493
1912,-1.0364588,-0.77727485
1913,-0.6723139,-0.80712485
1914,-0.80696905,-0.927729
1915,-1.2552027,-0.64365727
1916,-1.0890148,-0.7941007
1917,-0.7276742,-0.23342726
1918,-1.2089634,-0.498305
1919,-1.0094688,-0.45382783
1920,-1.1965479,-0.60348916
1921,-0.66457796,-0.5514137
1922,-0.67191553,-0.6605758
1923,-0.95889336,-0.33126768
1924,-1.3856914,-0.5757092
1925,-0.44275218,-0.45819864
1926,-0.7572759,-0.4046965
1927,-1.0898418,-0.59977734
1928,-1.1088362,-1.2749825
1929,-1.0682256,-0.02913073
1930,-1.1536796,-0.03893361
1931,-0.5843712,-0.6464235
1932,-0.7879917,-0.77292186
1933,-1.2146304,-0.48712966
1934,-0.8813445,-0.9307257
1935,-1.0613577,-0.71787685
1936,-1.0508133,-0.23254624
1937,-0.79583126,-0.55143875
1938,-0.689224,-0.5043387
1939,-0.8332749,-0.47975788
1940,-0.91968465,-0.4939069
1941,-1.3266832,-0.56109023
1942,-0.86917144,-0.63803566
1943,-1.16139,-0.82578695
1944,-1.2257191,-0.58226305
1945,-0.97370845,-0.12688807
1946,-1.1392884,-0.5752584
1947,-1.0681102,-0.09423718
1948,-1.1120746,-0.69055974
1949,-1.1610966,-0.27808544
1950,-0.9488611,-0.75973165
1951,-1.0022538,0.051567342
1952,-0.8139656,-0.35221735
1953,-0.86918205,-0.43693426
1954,-0.7236769,-0.566336
1955,-0.7887705,-0.42395377
1956,-1.1121985,-0.21767452
1957,-0.8851623,-0.97598237
1958,-0.6115135,-0.35374925
1959,-1.010984,-0.79142284
1960,-1.0118797,-0.68368083
1961,-0.8438363,-0.2635683
1962,-1.2302166,-0.4082124
1963,-0.74356765,-0.5637557
1964,-1.0048225,-0.2836006
1965,-0.7909634,-0.99306995
1966,-0.6024625,-0.48344082
1967,-1.2221718,-0.22617462
1968,-1.2278821,-0.12903371
1969,-1.0325688,-0.057313237
1970,-0.823279,-0.5663097
1971,-0.72676396,-0.6259978
1972,-0.77371556,-0.60524404
1973,-0.69431335,-0.6866539
1974,-1.3106061,-0.52311164
1975,-0.8538768,-0.8003732
1976,-0.70497286,-0.7710673
1977,-0.9023785,-0.4365671
1978,-0.95479023,-1.2766249
1979,-0.9089308,-0.6470796
1980,-0.7786153,-0.2256512
1981,-1.1007417,-0.08171454
1982,-0.5899357,-0.34761754
1983,-1.0862032,-0.18168542
1984,-0.98603904,-0.15726557
1985,-1.1023126,-0.7056746
1986,-0.8296152,-0.4507867
1987,-1.1650512,-0.2128444
1988,-1.1156467,-0.9833141
1989,-1.0355335,-0.015326562
1990,-0.9714243,-0.059653554
1991,-1.0320292,-0.3874773
1992,-0.91333824,-0.57361454
1993,-1.1532178,-0.21135291
1994,-0.6848812,-0.47733995
1995,-0.84430987,-0.36804014
1996,-0.70509416,-0.1735107
1997,-1.2190323,0.033415046
1998,-0.87680227,0.021088775
1999,-0.8233508,-0.30487037
2000,-0.46208826,-0.79134566
2001,-0.48722294,-1.0175328
2002,-0.64550966,-1.0313131
2003,-0.64341116,-1.4618442
2004,-0.5791599,-0.9209114
2005,-0.849284,-1.0291412
2006,-0.54715073,-0.86048067
2007,-0.4317137,-1.1644983
2008,-0.4938859,-0.5840341
2009,-0.56793994,-1.0124724
2010,-0.600849,-0.38251162
2011,-0.38816097,-1.4939644
2012,-0.6143644,-0.882437
2013,-0.38704714,-0.7649371
2014,-0.72318286,-0.3898682
2015,-0.73743206,-0.5421333
2016,-0.63176805,-0.083090216
2017,-0.77480227,-1.2590497
2018,-0.66976243,-1.1400013
2019,-0.5540535,-0.52394354
2020,-0.46851915,-0.60140884
2021,-0.5106447,-0.36065906
2022,-0.6069248,-0.98943824
2023,-0.6540953,-0.24263096
2024,-0.24849796,-0.92090034
2025,-0.3994387,-1.3235639
2026,-0.59349203,-1.0989182
2027,-0.5660009,-1.0347795
2028,-0.37914574,-0.87144977
2029,-0.6773133,-1.1515963
2030,-0.26184073,-0.8323732
2031,-0.6280754,-1.0486357
2032,-0.3949963,-0.4548169
2033,-0.5890685,-0.3852514
2034,-0.519004,-0.35031152
2035,-0.3950336,-1.1071609
2036,-0.28555155,-1.014314
2037,-0.364113,-1.1729608
2038,-0.6099184,-0.45457384
2039,-0.4600257,-0.551389
2040,-0.4773495,-0.54036313
2041,-0.6730693,-0.8950588
2042,-0.6342456,-0.8852535
2043,-0.492299,-0.6619145
2044,-0.75397795,-1.3942115
2045,-0.70469767,-0.6754875
2046,-0.4716442,-0.4948951
2047,-0.27672803,-0.8603435
2048,-0.7240856,-0.8866448
2049,-0.77991533,-1.1543211
2050,-0.21213913,-0.7580029
2051,-0.5660203,-0.4411774
2052,-0.56892854,-1.2318183
2053,-0.45010814,-1.171771
2054,-0.68368423,-0.97962785
2055,-0.74401635,-0.8108539
2056,-0.5390296,-1.1214151
2057,-0.8468075,-0.8358106
2058,-0.5639359,-0.83992463
2059,-0.43221453,-0.6871367
2060,-0.70835865,-0.87458605
2061,-0.8052468,-1.0925548
2062,-0.9615095,-0.8914291
2063,-0.5644605,-0.40908915
2064,-0.32864872,-1.0659965
2065,-0.63336253,-1.340066
2066,-0.7427934,-0.76572365
2067,-0.47366285,-0.4575944
2068,-0.35950756,-0.4103978
2069,-0.9845006,-1.0514545
2070,-0.6431088,-0.7306555
2071,-0.45345852,-1.1265683
2072,-0.42921534,-0.47025022
2073,-0.58455604,-1.1639559
2074,-0.49937055,-0.87326247
2075,-0.58728725,-0.62399834
2076,-0.738315,-1.0138388
2077,-0.5044031,-0.88775486
2078,-0.30993423,-0.9112155
2079,-0.4759364,-0.7591184
2080,-0.41040373,-0.07997465
2081,-0.18302748,-0.8595881
2082,-0.6769454,-0.9367489
2083,-0.48641774,-1.0403192
2084,-0.9803658,-0.7681577
2085,-0.7082653,-0.86401296
2086,-0.5343477,-1.210808
2087,-0.6587015,-0.54839116
2088,-0.5208672,-0.88002044
2089,-0.45443833,-0.7269623
2090,-0.39143008,-0.77363247
2091,-0.41711345,-0.8833825
2092,-0.38537532,-0.8038031
2093,-0.7770433,-1.0989506
2094,-0.74354964,-0.91710883
2095,-0.61364985,-1.1556653
2096,-0.5553258,-1.0102322
2097,-0.8361867,-1.0972292
2098,-0.7454196,-1.142901
2099,-0.8588114,-0.61999315
2100,-1.3314962,-0.20097485
2101,-1.380194,-0.03744528
2102,-0.8329476,0.39122686
2103,-1.034742,-0.1382046
2104,-0.953059,-0.18679091
2105,-1.227801,0.17084822
2106,-1.0770768,0.22264394
2107,-1.0094464,0.1787366
2108,-1.236109,-0.24272165
2109,-0.97702056,-0.93189675
2110,-0.7252256,-0.08531025
2111,-1.0222015,-0.0066459505
2112,-1.2801546,-0.4058758
2113,-0.9091605,0.5137356
2114,-1.0067319,-0.053343866
2115,-0.7994717,-0.004644516
2116,-1.090984,-0.18929991
2117,-1.488573,-0.099699765
2118,-1.0905523,-0.42040333
2119,-0.830925,-0.12648472
2120,-1.2674185,-0.32643947
2121,-1.2897601,-0.109006435
2122,-1.3497963,-0.38117597
2123,-1.0033644,-0.36387333
2124,-1.1243798,-0.2077978
2125,-1.2713693,-0.27501968
2126,-0.9521533,-0.37005743
2127,-1.2660251,-0.8558262
2128,-0.94249684,-0.46015844
2129,-0.6721805,0.6759118
2130,-1.2159901,0.040901925
2131,-1.2976891,-0.22075042
2132,-1.0820382,0.03248402
2133,-1.0023531,-0.20271474
2134,-0.89978915,-0.5685675
2135,-0.8609164,-0.024534378
2136,-1.0215682,0.39744005
2137,-0.885156,0.07075149
2138,-0.8346209,-0.08676195
2139,-1.3794851,-0.3021705
2140,-1.1814511,0.067846686
2141,-1.1531411,-0.04185507
2142,-1.2409806,-0.28055605
2143,-1.0012524,-0.5788829
2144,-1.1953722,-0.42449507
2145,-1.45104,-0.87934387
2146,-0.95942754,-0.69511575
2147,-1.2098018,0.024528828
2148,-0.8569303,0.21442947
2149,-0.78982526,-0.03530935
2150,-1.1188493,-0.1024718
2151,-1.4424766,-0.86050296
2152,-1.0829799,-0.2571652
2153,-1.2124376,0.19443056
2154,-1.303858,-0.401607
2155,-0.9548779,-0.3170764
2156,-1.0699599,-0.2079967
2157,-1.073544,-0.36593845
2158,-0.9601076,-0.58266747
2159,-0.8767639,-0.061264846
2160,-1.2887895,0.09103224
2161,-0.9580878,-0.10107079
2162,-1.101412,-0.09153542
2163,-0.8024042,-0.02844042
2164,-0.6009274,-0.094563276
2165,-0.9878124,-0.40471736
2166,-0.9060264,-0.4704866
2167,-1.06058,-0.05823848
2168,-0.99123996,-0.5143586
2169,-1.3300257,-0.8926555
2170,-1.4835982,-0.59445983
2171,-1.3252984,-0.61737084
2172,-0.9738522,-0.3496906
2173,-1.1562251,-0.8152626
2174,-0.9672865,0.060556974
2175,-0.854158,-1.013125
2176,-0.9101281,0.4246794
2177,-0.96758527,-0.5414368
2178,-1.1674407,-0.5964117
2179,-1.348254,-0.7900362
2180,-1.1435733,0.38638118
2181,-1.1442147,-0.69975317
2182,-1.0597405,0.22152504
2183,-1.1555462,0.28815165
2184,-1.0912133,0.02040663
2185,-1.0165333,-0.68862236
2186,-0.8904145,-0.37464774
2187,-1.0359297,-0.3598081
2188,-0.9718306,0.13379559
2189,-1.1361053,-0.5781348
2190,-0.8364697,-0.27965274
2191,-1.0366526,-1.0788233
2192,-1.3526566,-0.27487382
2193,-0.74534976,-0.25834942
2194,-0.86130065,-0.09743178
2195,-1.0738994,-0.8108862
2196,-1.154669,-0.29829273
2197,-0.99667764,-0.81848896
2198,-1.0554075,-0.06489673
2199,-1.1777985,-0.07498756
